lad24cd,la_name,financial_year,data_missing,nightly_paid_ta_gross_exp_000,nightly_paid_ta_net_exp_000,hostels_gross_exp_000,hostels_net_exp_000,bb_gross_exp_000,bb_net_exp_000,hra_admin_prevention_relief_net_exp_000,total_homelessness_gross_exp_000,total_homelessness_net_exp_000,total_housing_gross_exp_000,total_housing_net_exp_000,source
E07000223,Adur,2024-25,False,0.0,0.0,0.0,0.0,2656.0,1681.0,0.0,3662.0,2248.0,4686.0,2786.0,"MHCLG Revenue Outturn RO4 2024-25, published 18 Sep 2025"
E07000032,Amber Valley,2024-25,True,,,,,,,,,,,,"MHCLG Revenue Outturn RO4 2024-25, published 18 Sep 2025"
E07000224,Arun,2024-25,False,0.0,0.0,0.0,0.0,0.0,0.0,576.0,6769.0,5345.0,9978.0,6210.0,"MHCLG Revenue Outturn RO4 2024-25, published 18 Sep 2025"
E07000170,Ashfield,2024-25,True,,,,,,,,,,,,"MHCLG Revenue Outturn RO4 2024-25, published 18 Sep 2025"
E07000105,Ashford,2024-25,False,2353.0,1725.0,160.0,160.0,1216.0,810.0,-310.0,9183.0,5270.0,11289.0,6743.0,"MHCLG Revenue Outturn RO4 2024-25, published 18 Sep 2025"
E07000200,Babergh,2024-25,False,0.0,0.0,0.0,0.0,0.0,0.0,162.0,2048.0,943.0,5695.0,3262.0,"MHCLG Revenue Outturn RO4 2024-25, published 18 Sep 2025"
E09000002,Barking & Dagenham,2024-25,False,0.0,0.0,1353.0,-947.0,1540.0,1540.0,2856.0,25087.0,9355.0,42375.25,15713.25,"MHCLG Revenue Outturn RO4 2024-25, published 18 Sep 2025"
E09000003,Barnet,2024-25,False,66239.58,7617.33,0.0,0.0,0.0,0.0,0.0,79404.62,20266.02,79110.77,19913.84,"MHCLG Revenue Outturn RO4 2024-25, published 18 Sep 2025"
E08000016,Barnsley,2024-25,False,0.0,0.0,568.0,312.0,426.0,426.0,0.0,2743.0,1724.0,6243.0,3894.0,"MHCLG Revenue Outturn RO4 2024-25, published 18 Sep 2025"
E07000066,Basildon,2024-25,False,0.0,0.0,0.0,0.0,4380.0,869.0,320.0,5929.0,1470.0,11001.0,4460.0,"MHCLG Revenue Outturn RO4 2024-25, published 18 Sep 2025"
E07000084,Basingstoke & Deane,2024-25,False,0.0,0.0,816.0,816.0,182.0,42.0,0.0,3703.0,2488.0,6264.0,4402.0,"MHCLG Revenue Outturn RO4 2024-25, published 18 Sep 2025"
E07000171,Bassetlaw,2024-25,False,0.0,0.0,0.0,0.0,164.0,117.0,0.0,1053.0,890.0,4073.0,2681.0,"MHCLG Revenue Outturn RO4 2024-25, published 18 Sep 2025"
E06000022,Bath & North East Somerset UA,2024-25,False,0.0,0.0,0.0,0.0,610.0,69.0,0.0,3630.0,2516.0,9802.0,8071.0,"MHCLG Revenue Outturn RO4 2024-25, published 18 Sep 2025"
E06000055,Bedford UA,2024-25,False,14595.0,10371.0,0.0,0.0,3791.0,2694.0,2512.0,24064.0,17621.0,27056.0,20277.0,"MHCLG Revenue Outturn RO4 2024-25, published 18 Sep 2025"
E09000004,Bexley,2024-25,False,4359.0,1233.0,1015.0,687.0,0.0,0.0,68.0,13813.0,8222.0,22085.0,15981.0,"MHCLG Revenue Outturn RO4 2024-25, published 18 Sep 2025"
E08000025,Birmingham,2024-25,True,,,,,,,,,,,,"MHCLG Revenue Outturn RO4 2024-25, published 18 Sep 2025"
E07000129,Blaby,2024-25,False,0.0,0.0,0.0,0.0,1098.0,1.0,0.0,1102.0,-18.0,5454.0,2023.0,"MHCLG Revenue Outturn RO4 2024-25, published 18 Sep 2025"
E06000008,Blackburn with Darwen UA,2024-25,False,0.0,0.0,0.0,0.0,0.0,0.0,19.0,3134.0,1889.0,6463.0,4668.0,"MHCLG Revenue Outturn RO4 2024-25, published 18 Sep 2025"
E06000009,Blackpool UA,2024-25,False,0.0,0.0,231.0,95.0,739.0,614.0,10.0,2857.0,2022.0,27819.0,5155.0,"MHCLG Revenue Outturn RO4 2024-25, published 18 Sep 2025"
E07000033,Bolsover,2024-25,False,0.0,0.0,0.0,0.0,52.0,52.0,45.0,793.0,568.0,2616.0,1426.0,"MHCLG Revenue Outturn RO4 2024-25, published 18 Sep 2025"
E08000001,Bolton,2024-25,False,42.0,42.0,920.0,385.0,1668.0,1310.0,226.0,9256.0,5326.0,16860.53,9776.73,"MHCLG Revenue Outturn RO4 2024-25, published 18 Sep 2025"
E07000136,Boston BC,2024-25,False,0.0,0.0,0.0,0.0,80.0,50.0,0.0,1364.0,858.0,2565.0,1502.0,"MHCLG Revenue Outturn RO4 2024-25, published 18 Sep 2025"
E06000058,"Bournemouth, Christchurch and Poole UA",2024-25,False,0.0,0.0,502.0,-623.0,5824.0,3256.0,5.0,23996.0,14338.0,32173.0,17985.0,"MHCLG Revenue Outturn RO4 2024-25, published 18 Sep 2025"
E06000036,Bracknell Forest UA,2024-25,False,310.0,220.0,0.0,0.0,63.0,47.0,1076.0,3667.0,1546.0,6693.0,4320.0,"MHCLG Revenue Outturn RO4 2024-25, published 18 Sep 2025"
E08000032,Bradford,2024-25,False,0.0,0.0,488.0,488.0,562.0,562.0,0.0,10347.0,10257.0,19540.0,18451.0,"MHCLG Revenue Outturn RO4 2024-25, published 18 Sep 2025"
E07000067,Braintree,2024-25,False,35.0,35.0,0.0,0.0,131.0,131.0,58.0,2151.0,1810.0,3815.0,3091.0,"MHCLG Revenue Outturn RO4 2024-25, published 18 Sep 2025"
E07000143,Breckland,2024-25,False,1179.37,69.78,133.99,14.03,716.04,42.36,0.0,4682.19,1996.42,8587.23,3622.01,"MHCLG Revenue Outturn RO4 2024-25, published 18 Sep 2025"
E09000005,Brent,2024-25,False,11094.0,5174.0,0.0,0.0,26022.0,19134.0,0.0,86193.0,51170.0,100185.0,57645.0,"MHCLG Revenue Outturn RO4 2024-25, published 18 Sep 2025"
E07000068,Brentwood,2024-25,False,0.0,0.0,0.13,0.13,211.15,-6.37,401.25,749.64,391.08,995.13,384.7,"MHCLG Revenue Outturn RO4 2024-25, published 18 Sep 2025"
E06000043,Brighton & Hove UA,2024-25,False,0.0,0.0,2396.0,775.0,6625.0,4034.0,3443.0,41026.0,26026.0,48904.0,28876.0,"MHCLG Revenue Outturn RO4 2024-25, published 18 Sep 2025"
E06000023,Bristol UA,2024-25,False,12770.0,4284.0,1242.0,504.0,2988.0,867.0,0.0,25454.0,14095.0,54699.0,33700.0,"MHCLG Revenue Outturn RO4 2024-25, published 18 Sep 2025"
E07000144,Broadland,2024-25,False,668.57,605.83,0.0,0.0,0.0,0.0,212.91,2081.13,1162.13,2925.67,1819.29,"MHCLG Revenue Outturn RO4 2024-25, published 18 Sep 2025"
E09000006,Bromley,2024-25,False,31823.0,18148.0,0.0,0.0,0.0,0.0,0.0,43999.0,28483.0,56670.0,39971.0,"MHCLG Revenue Outturn RO4 2024-25, published 18 Sep 2025"
E07000234,Bromsgrove,2024-25,False,272.0,272.0,0.0,0.0,0.0,0.0,0.0,747.0,747.0,2296.0,2100.0,"MHCLG Revenue Outturn RO4 2024-25, published 18 Sep 2025"
E07000095,Broxbourne,2024-25,False,2292.0,-52.0,1444.0,-255.0,0.0,0.0,0.0,3827.0,-216.0,7639.0,3250.0,"MHCLG Revenue Outturn RO4 2024-25, published 18 Sep 2025"
E07000172,Broxtowe,2024-25,False,0.0,0.0,85.0,12.0,0.0,0.0,-167.0,900.0,342.0,2474.0,1291.0,"MHCLG Revenue Outturn RO4 2024-25, published 18 Sep 2025"
E06000060,Buckinghamshire UA,2024-25,False,0.0,0.0,0.0,0.0,5526.0,3938.0,1030.0,13696.0,10389.0,21535.0,16295.0,"MHCLG Revenue Outturn RO4 2024-25, published 18 Sep 2025"
E07000117,Burnley,2024-25,False,628.0,520.0,0.0,0.0,0.0,0.0,0.0,768.0,651.0,4284.0,3010.0,"MHCLG Revenue Outturn RO4 2024-25, published 18 Sep 2025"
E08000002,Bury MBC,2024-25,False,0.0,0.0,0.0,0.0,1531.0,1531.0,0.0,2510.0,2121.0,9669.0,6988.0,"MHCLG Revenue Outturn RO4 2024-25, published 18 Sep 2025"
E08000033,Calderdale,2024-25,False,0.0,0.0,730.0,248.0,1653.0,1399.0,0.0,5386.0,4178.0,9161.0,7436.0,"MHCLG Revenue Outturn RO4 2024-25, published 18 Sep 2025"
E07000008,Cambridge,2024-25,False,33.0,33.0,216.0,137.0,800.0,288.0,0.0,6148.0,4922.0,9890.0,7668.0,"MHCLG Revenue Outturn RO4 2024-25, published 18 Sep 2025"
E09000007,Camden,2024-25,False,15834.0,11398.0,2143.0,1112.0,15701.0,9220.0,2969.0,49615.0,33564.0,67996.0,48972.0,"MHCLG Revenue Outturn RO4 2024-25, published 18 Sep 2025"
E07000192,Cannock Chase,2024-25,False,0.0,0.0,0.0,0.0,967.0,326.0,42.0,1910.0,1065.0,4847.0,2828.0,"MHCLG Revenue Outturn RO4 2024-25, published 18 Sep 2025"
E07000106,Canterbury,2024-25,False,0.0,0.0,0.0,0.0,3440.0,3440.0,0.0,5090.0,3542.0,6772.0,4244.0,"MHCLG Revenue Outturn RO4 2024-25, published 18 Sep 2025"
E07000069,Castle Point,2024-25,False,0.0,0.0,0.0,0.0,1401.0,1053.0,209.0,3711.0,2061.0,4563.0,2877.0,"MHCLG Revenue Outturn RO4 2024-25, published 18 Sep 2025"
E06000056,Central Bedfordshire UA,2024-25,False,0.0,0.0,0.0,0.0,0.0,0.0,0.0,7880.0,4510.0,13396.0,8647.0,"MHCLG Revenue Outturn RO4 2024-25, published 18 Sep 2025"
E07000130,Charnwood BC,2024-25,False,0.0,0.0,0.0,0.0,502.0,439.0,59.0,1567.0,1460.0,4590.0,2315.0,"MHCLG Revenue Outturn RO4 2024-25, published 18 Sep 2025"
E07000070,Chelmsford,2024-25,False,10533.62,4106.34,0.0,0.0,784.91,443.66,2.12,16441.6,6397.72,21971.81,9966.13,"MHCLG Revenue Outturn RO4 2024-25, published 18 Sep 2025"
E07000078,Cheltenham,2024-25,False,0.0,0.0,0.0,0.0,106.0,106.0,0.0,1518.0,934.0,1825.0,1062.0,"MHCLG Revenue Outturn RO4 2024-25, published 18 Sep 2025"
E07000177,Cherwell,2024-25,False,0.0,0.0,0.0,0.0,777.0,553.0,73.0,2202.0,1686.0,9409.0,8368.0,"MHCLG Revenue Outturn RO4 2024-25, published 18 Sep 2025"
E06000049,Cheshire East UA,2024-25,False,0.0,0.0,614.0,337.0,0.0,0.0,0.0,4185.0,3850.0,11113.0,10345.0,"MHCLG Revenue Outturn RO4 2024-25, published 18 Sep 2025"
E06000050,Cheshire West and Chester UA,2024-25,False,0.0,0.0,0.0,0.0,3352.0,2926.0,0.0,8830.0,8021.0,12603.0,9980.0,"MHCLG Revenue Outturn RO4 2024-25, published 18 Sep 2025"
E07000034,Chesterfield,2024-25,False,0.0,0.0,0.0,0.0,299.0,299.0,0.0,1699.0,1699.0,4115.0,2546.0,"MHCLG Revenue Outturn RO4 2024-25, published 18 Sep 2025"
E07000225,Chichester,2024-25,False,0.0,0.0,0.0,0.0,1338.0,863.0,106.0,4485.0,2630.0,7424.0,4531.0,"MHCLG Revenue Outturn RO4 2024-25, published 18 Sep 2025"
E07000118,Chorley,2024-25,False,0.0,0.0,0.0,0.0,70.0,70.0,0.0,1273.0,641.0,2751.0,972.0,"MHCLG Revenue Outturn RO4 2024-25, published 18 Sep 2025"
E09000001,City of London,2024-25,False,0.0,0.0,0.0,0.0,1487.0,-252.0,0.0,7174.0,5216.0,13126.0,5750.0,"MHCLG Revenue Outturn RO4 2024-25, published 18 Sep 2025"
E07000071,Colchester,2024-25,False,1689.0,1689.0,0.0,0.0,3316.0,3316.0,484.0,15454.0,9108.0,20630.0,12857.0,"MHCLG Revenue Outturn RO4 2024-25, published 18 Sep 2025"
E06000052,Cornwall UA,2024-25,False,0.0,0.0,0.0,0.0,19300.0,14750.0,2327.0,35372.0,27334.0,52882.0,42395.0,"MHCLG Revenue Outturn RO4 2024-25, published 18 Sep 2025"
E07000079,Cotswold,2024-25,False,0.0,0.0,157.0,11.0,0.0,0.0,0.0,1642.0,940.0,2626.0,1494.0,"MHCLG Revenue Outturn RO4 2024-25, published 18 Sep 2025"
E08000026,Coventry,2024-25,False,1883.0,520.0,471.0,131.0,2416.0,547.0,0.0,35372.0,15700.0,37187.0,17007.0,"MHCLG Revenue Outturn RO4 2024-25, published 18 Sep 2025"
E07000226,Crawley,2024-25,False,1259.0,881.0,0.0,0.0,9507.0,6655.0,0.0,13971.0,7278.0,16683.0,9557.0,"MHCLG Revenue Outturn RO4 2024-25, published 18 Sep 2025"
E09000008,Croydon,2024-25,False,38010.0,20855.74,4564.0,1355.31,13902.0,7686.54,1560.0,89893.52,43030.32,104029.57,53928.63,"MHCLG Revenue Outturn RO4 2024-25, published 18 Sep 2025"
E06000063,Cumberland,2024-25,True,,,,,,,,,,,,"MHCLG Revenue Outturn RO4 2024-25, published 18 Sep 2025"
E07000096,Dacorum,2024-25,False,0.0,0.0,2097.25,-394.84,0.0,0.0,0.0,4450.51,1769.42,8843.74,2274.65,"MHCLG Revenue Outturn RO4 2024-25, published 18 Sep 2025"
E06000005,Darlington UA,2024-25,False,0.0,0.0,296.0,268.0,0.0,0.0,0.0,3109.0,1510.0,5437.0,3569.0,"MHCLG Revenue Outturn RO4 2024-25, published 18 Sep 2025"
E07000107,Dartford,2024-25,False,5433.0,3799.0,0.0,0.0,0.0,0.0,376.0,9257.0,6427.0,10321.0,7113.0,"MHCLG Revenue Outturn RO4 2024-25, published 18 Sep 2025"
E06000015,Derby City UA,2024-25,False,0.0,0.0,311.0,-750.0,8113.0,1635.0,0.0,12305.0,4070.0,20695.0,7935.0,"MHCLG Revenue Outturn RO4 2024-25, published 18 Sep 2025"
E07000035,Derbyshire Dales,2024-25,False,0.0,0.0,0.0,0.0,36.08,36.08,37.84,1158.83,820.83,2999.34,2256.65,"MHCLG Revenue Outturn RO4 2024-25, published 18 Sep 2025"
E08000017,Doncaster,2024-25,False,0.0,0.0,0.0,0.0,2666.0,2666.0,0.0,4535.0,4270.0,8842.0,8104.0,"MHCLG Revenue Outturn RO4 2024-25, published 18 Sep 2025"
E06000059,Dorset UA,2024-25,False,163.0,105.0,4602.0,2246.0,885.0,483.0,0.0,9542.0,5776.0,19062.0,11487.0,"MHCLG Revenue Outturn RO4 2024-25, published 18 Sep 2025"
E07000108,Dover,2024-25,False,1259.0,1259.0,0.0,0.0,547.0,547.0,0.0,4684.0,3760.0,8247.0,6031.0,"MHCLG Revenue Outturn RO4 2024-25, published 18 Sep 2025"
E08000027,Dudley,2024-25,False,0.0,0.0,0.0,0.0,155.0,140.0,116.0,2728.0,2474.0,5810.0,4355.0,"MHCLG Revenue Outturn RO4 2024-25, published 18 Sep 2025"
E06000047,Durham UA,2024-25,False,0.0,0.0,0.0,0.0,2615.0,1019.0,57.0,8750.0,5980.0,38711.0,20752.0,"MHCLG Revenue Outturn RO4 2024-25, published 18 Sep 2025"
E09000009,Ealing,2024-25,False,17686.3,1783.3,1537.6,548.0,20178.6,4920.6,4003.5,90127.5,28687.44,102787.05,37592.48,"MHCLG Revenue Outturn RO4 2024-25, published 18 Sep 2025"
E07000009,East Cambridgeshire,2024-25,False,0.0,0.0,0.0,0.0,0.0,0.0,671.0,2096.0,671.0,6081.0,2424.0,"MHCLG Revenue Outturn RO4 2024-25, published 18 Sep 2025"
E07000040,East Devon,2024-25,False,0.0,0.0,0.0,0.0,442.0,442.0,0.0,2478.0,1637.0,4744.0,3288.0,"MHCLG Revenue Outturn RO4 2024-25, published 18 Sep 2025"
E07000085,East Hampshire,2024-25,False,0.0,0.0,0.0,0.0,0.0,-29.0,832.0,1365.0,795.0,3809.0,2692.0,"MHCLG Revenue Outturn RO4 2024-25, published 18 Sep 2025"
E07000242,East Hertfordshire,2024-25,False,0.0,0.0,461.0,-8.0,607.0,407.0,76.0,1734.0,1032.0,4776.0,4032.0,"MHCLG Revenue Outturn RO4 2024-25, published 18 Sep 2025"
E07000137,East Lindsey,2024-25,False,0.0,0.0,0.0,0.0,8.0,-8.0,1363.0,2779.0,2165.0,9587.0,4533.0,"MHCLG Revenue Outturn RO4 2024-25, published 18 Sep 2025"
E06000011,East Riding of Yorkshire UA,2024-25,False,0.0,0.0,0.0,0.0,419.0,348.0,0.0,1707.0,1606.0,5922.0,3696.0,"MHCLG Revenue Outturn RO4 2024-25, published 18 Sep 2025"
E07000193,East Staffordshire,2024-25,False,0.0,0.0,0.0,0.0,1033.68,510.35,170.27,2130.99,1538.69,2990.26,2260.39,"MHCLG Revenue Outturn RO4 2024-25, published 18 Sep 2025"
E07000244,East Suffolk,2024-25,False,66.0,66.0,72.0,72.0,1280.0,970.0,16.0,5872.0,5221.0,14919.0,9300.0,"MHCLG Revenue Outturn RO4 2024-25, published 18 Sep 2025"
E07000061,Eastbourne,2024-25,False,0.0,0.0,0.0,0.0,5633.0,464.0,0.0,6148.0,979.0,8726.0,1966.0,"MHCLG Revenue Outturn RO4 2024-25, published 18 Sep 2025"
E07000086,Eastleigh,2024-25,False,0.0,0.0,0.0,0.0,859.0,-4.0,-199.0,1303.0,-203.0,5298.0,-1806.0,"MHCLG Revenue Outturn RO4 2024-25, published 18 Sep 2025"
E07000207,Elmbridge,2024-25,False,0.0,0.0,0.0,0.0,2692.0,1236.0,540.0,4655.0,1776.0,10193.0,6869.0,"MHCLG Revenue Outturn RO4 2024-25, published 18 Sep 2025"
E09000010,Enfield,2024-25,False,35130.0,11451.0,0.0,0.0,0.0,0.0,18493.0,73556.0,39610.0,82770.0,48105.0,"MHCLG Revenue Outturn RO4 2024-25, published 18 Sep 2025"
E07000072,Epping Forest,2024-25,False,531.0,531.0,0.0,0.0,487.0,-171.0,110.0,2676.0,1767.0,6149.93,3401.93,"MHCLG Revenue Outturn RO4 2024-25, published 18 Sep 2025"
E07000208,Epsom & Ewell,2024-25,False,0.0,0.0,0.0,0.0,2258.0,2127.0,0.0,4882.0,4146.0,5234.0,4246.0,"MHCLG Revenue Outturn RO4 2024-25, published 18 Sep 2025"
E07000036,Erewash,2024-25,False,60.0,60.0,0.0,0.0,467.0,467.0,377.0,1550.0,1175.0,2876.0,2327.0,"MHCLG Revenue Outturn RO4 2024-25, published 18 Sep 2025"
E07000041,Exeter,2024-25,False,0.0,0.0,385.0,93.0,1155.0,467.0,0.0,7903.0,4937.0,10980.0,7540.0,"MHCLG Revenue Outturn RO4 2024-25, published 18 Sep 2025"
E07000087,Fareham,2024-25,False,0.0,0.0,0.0,0.0,621.0,401.0,260.0,2127.0,1228.0,4269.0,3002.0,"MHCLG Revenue Outturn RO4 2024-25, published 18 Sep 2025"
E07000010,Fenland,2024-25,False,0.0,0.0,43.0,18.0,1102.0,544.0,0.0,3170.0,949.0,3811.0,1566.0,"MHCLG Revenue Outturn RO4 2024-25, published 18 Sep 2025"
E07000112,Folkestone & Hythe,2024-25,False,816.0,805.0,0.0,0.0,1470.0,326.0,0.0,2607.0,1194.0,5838.0,3569.0,"MHCLG Revenue Outturn RO4 2024-25, published 18 Sep 2025"
E07000080,Forest of Dean,2024-25,False,0.0,0.0,0.0,0.0,2205.0,1418.0,0.0,2205.0,1418.0,2782.0,1555.0,"MHCLG Revenue Outturn RO4 2024-25, published 18 Sep 2025"
E07000119,Fylde,2024-25,False,0.0,0.0,0.0,0.0,0.0,0.0,283.0,751.0,283.0,2208.0,1258.0,"MHCLG Revenue Outturn RO4 2024-25, published 18 Sep 2025"
E08000037,Gateshead,2024-25,False,0.0,0.0,0.0,0.0,1573.0,1442.0,0.0,2540.0,2233.0,7729.0,6515.0,"MHCLG Revenue Outturn RO4 2024-25, published 18 Sep 2025"
E07000173,Gedling,2024-25,False,0.0,0.0,0.0,0.0,535.0,222.0,65.0,1670.0,1357.0,2792.0,2128.0,"MHCLG Revenue Outturn RO4 2024-25, published 18 Sep 2025"
E07000081,Gloucester,2024-25,False,21.0,14.0,0.0,0.0,968.0,385.0,73.0,5842.0,2185.0,7242.0,2286.0,"MHCLG Revenue Outturn RO4 2024-25, published 18 Sep 2025"
E07000088,Gosport,2024-25,False,0.0,0.0,0.0,0.0,669.0,-23.0,227.0,2178.0,627.0,2948.0,1397.0,"MHCLG Revenue Outturn RO4 2024-25, published 18 Sep 2025"
E07000109,Gravesham,2024-25,False,4347.0,2427.0,0.0,0.0,0.0,0.0,0.0,4347.0,2427.0,5650.0,3090.0,"MHCLG Revenue Outturn RO4 2024-25, published 18 Sep 2025"
E07000145,Great Yarmouth,2024-25,False,0.0,0.0,0.0,0.0,336.0,168.0,1612.0,3049.0,1860.0,5313.0,3018.0,"MHCLG Revenue Outturn RO4 2024-25, published 18 Sep 2025"
E09000011,Greenwich,2024-25,False,21806.0,12789.0,0.0,0.0,5786.0,3885.0,1346.0,33389.0,11833.0,48826.0,22793.0,"MHCLG Revenue Outturn RO4 2024-25, published 18 Sep 2025"
E07000209,Guildford,2024-25,True,,,,,,,,,,,,"MHCLG Revenue Outturn RO4 2024-25, published 18 Sep 2025"
E09000012,Hackney,2024-25,False,42028.0,25023.0,17718.0,5809.0,4384.0,1389.0,0.0,84246.0,46819.0,98205.0,54094.0,"MHCLG Revenue Outturn RO4 2024-25, published 18 Sep 2025"
E06000006,Halton UA,2024-25,False,0.0,0.0,0.0,0.0,330.0,330.0,0.0,862.0,769.0,3810.0,3319.0,"MHCLG Revenue Outturn RO4 2024-25, published 18 Sep 2025"
E09000013,Hammersmith & Fulham,2024-25,False,9371.0,6432.0,0.0,0.0,5023.0,2215.0,1083.0,45723.0,25141.0,54510.0,30769.0,"MHCLG Revenue Outturn RO4 2024-25, published 18 Sep 2025"
E07000131,Harborough,2024-25,False,0.0,0.0,0.0,0.0,0.0,0.0,27.0,1075.0,567.0,3444.0,2048.0,"MHCLG Revenue Outturn RO4 2024-25, published 18 Sep 2025"
E09000014,Haringey,2024-25,False,35324.0,13221.0,779.0,336.0,6193.0,5146.0,4816.0,68173.0,36653.0,77953.0,42589.0,"MHCLG Revenue Outturn RO4 2024-25, published 18 Sep 2025"
E07000073,Harlow,2024-25,False,0.0,0.0,0.0,0.0,1870.0,1074.0,1141.0,3921.0,2416.0,5312.0,2829.0,"MHCLG Revenue Outturn RO4 2024-25, published 18 Sep 2025"
E09000015,Harrow,2024-25,False,10531.0,6872.0,13.0,13.0,4513.0,2945.0,1574.0,28459.0,13735.0,33224.51,17802.69,"MHCLG Revenue Outturn RO4 2024-25, published 18 Sep 2025"
E07000089,Hart DC,2024-25,False,0.0,0.0,259.0,259.0,0.0,0.0,0.0,2242.0,1276.0,2622.0,1560.0,"MHCLG Revenue Outturn RO4 2024-25, published 18 Sep 2025"
E06000001,Hartlepool UA,2024-25,False,23.0,23.0,0.0,0.0,250.0,210.0,22.0,1071.0,1031.0,2936.0,2853.0,"MHCLG Revenue Outturn RO4 2024-25, published 18 Sep 2025"
E07000062,Hastings,2024-25,False,11368.0,8020.0,0.0,0.0,0.0,0.0,0.0,16401.0,11566.0,19018.0,13575.0,"MHCLG Revenue Outturn RO4 2024-25, published 18 Sep 2025"
E07000090,Havant,2024-25,False,0.0,0.0,0.0,0.0,0.0,0.0,0.0,6372.69,5073.76,12192.69,8364.97,"MHCLG Revenue Outturn RO4 2024-25, published 18 Sep 2025"
E09000016,Havering,2024-25,False,5741.0,5080.0,562.0,562.0,2456.0,2130.0,1512.0,26126.0,20445.0,27431.0,21749.0,"MHCLG Revenue Outturn RO4 2024-25, published 18 Sep 2025"
E06000019,Herefordshire UA,2024-25,False,380.0,176.0,0.0,0.0,1809.0,836.0,392.0,5481.0,4237.0,12023.0,9472.0,"MHCLG Revenue Outturn RO4 2024-25, published 18 Sep 2025"
E07000098,Hertsmere,2024-25,False,0.0,0.0,0.0,0.0,0.0,0.0,358.0,2052.0,1587.0,3525.0,2100.0,"MHCLG Revenue Outturn RO4 2024-25, published 18 Sep 2025"
E07000037,High Peak,2024-25,False,0.0,0.0,40.0,40.0,328.0,168.0,0.0,1110.0,609.0,3096.0,1554.0,"MHCLG Revenue Outturn RO4 2024-25, published 18 Sep 2025"
E09000017,Hillingdon,2024-25,False,0.0,0.0,0.0,0.0,20889.0,12648.0,3960.0,34579.0,20574.0,46161.0,30926.0,"MHCLG Revenue Outturn RO4 2024-25, published 18 Sep 2025"
E07000132,Hinckley & Bosworth,2024-25,False,407.0,407.0,0.0,0.0,949.0,524.0,677.0,2173.0,1608.0,3408.0,2356.0,"MHCLG Revenue Outturn RO4 2024-25, published 18 Sep 2025"
E07000227,Horsham,2024-25,False,0.0,0.0,0.0,0.0,1677.0,516.0,0.0,2708.0,1168.0,4399.0,1956.0,"MHCLG Revenue Outturn RO4 2024-25, published 18 Sep 2025"
E09000018,Hounslow,2024-25,False,535.0,535.0,0.0,0.0,11692.0,7665.0,0.0,23172.0,17303.0,29510.0,21848.0,"MHCLG Revenue Outturn RO4 2024-25, published 18 Sep 2025"
E07000011,Huntingdonshire,2024-25,False,0.0,0.0,117.0,4.0,754.0,9.0,0.0,2085.0,1187.0,6139.0,4205.0,"MHCLG Revenue Outturn RO4 2024-25, published 18 Sep 2025"
E07000120,Hyndburn BC,2024-25,False,0.0,0.0,0.0,0.0,303.0,303.0,0.0,752.5,712.5,2385.0,1532.0,"MHCLG Revenue Outturn RO4 2024-25, published 18 Sep 2025"
E07000202,Ipswich,2024-25,False,0.0,0.0,2134.0,1306.0,806.0,516.0,249.0,6151.0,4312.0,8824.0,6655.0,"MHCLG Revenue Outturn RO4 2024-25, published 18 Sep 2025"
E06000046,Isle of Wight UA,2024-25,False,0.0,0.0,279.0,199.0,979.0,682.0,263.0,5702.0,4172.0,8988.0,6916.0,"MHCLG Revenue Outturn RO4 2024-25, published 18 Sep 2025"
E06000053,Isles of Scilly,2024-25,False,0.0,0.0,0.0,0.0,0.0,0.0,0.0,0.0,0.0,611.0,33.0,"MHCLG Revenue Outturn RO4 2024-25, published 18 Sep 2025"
E09000019,Islington,2024-25,False,28083.65,11531.58,0.0,0.0,0.0,0.0,862.69,33260.12,16146.71,63095.02,34833.23,"MHCLG Revenue Outturn RO4 2024-25, published 18 Sep 2025"
E09000020,Kensington & Chelsea,2024-25,False,0.0,0.0,0.0,0.0,0.0,0.0,4547.0,63150.0,30820.0,81250.0,44619.0,"MHCLG Revenue Outturn RO4 2024-25, published 18 Sep 2025"
E07000146,King's Lynn & West Norfolk,2024-25,False,0.0,0.0,0.0,0.0,0.0,0.0,0.0,2700.0,588.0,6381.0,2676.0,"MHCLG Revenue Outturn RO4 2024-25, published 18 Sep 2025"
E09000021,Kingston Upon Thames,2024-25,False,241.0,241.0,0.0,0.0,15372.0,10222.0,622.0,24991.0,15062.0,29264.0,18134.0,"MHCLG Revenue Outturn RO4 2024-25, published 18 Sep 2025"
E06000010,Kingston-upon-Hull UA,2024-25,False,306.0,306.0,850.0,834.0,2659.0,1428.0,107.0,7721.0,6403.0,17194.0,14309.0,"MHCLG Revenue Outturn RO4 2024-25, published 18 Sep 2025"
E08000034,Kirklees,2024-25,False,0.0,0.0,0.0,0.0,17152.0,8710.0,1471.0,24082.0,13447.0,37428.0,22516.0,"MHCLG Revenue Outturn RO4 2024-25, published 18 Sep 2025"
E08000011,Knowsley,2024-25,False,0.0,0.0,0.0,0.0,592.0,453.0,349.0,3511.0,2065.0,5054.0,3524.0,"MHCLG Revenue Outturn RO4 2024-25, published 18 Sep 2025"
E09000022,Lambeth,2024-25,False,102351.63,102351.63,0.0,0.0,2287.52,-40557.29,2039.35,122704.0,79839.39,134333.27,91087.12,"MHCLG Revenue Outturn RO4 2024-25, published 18 Sep 2025"
E07000121,Lancaster,2024-25,False,0.0,0.0,0.0,0.0,0.0,0.0,0.0,1963.0,1634.0,7833.0,4271.0,"MHCLG Revenue Outturn RO4 2024-25, published 18 Sep 2025"
E08000035,Leeds,2024-25,False,0.0,0.0,0.0,0.0,0.0,0.0,0.0,18720.0,7945.0,55174.0,20012.0,"MHCLG Revenue Outturn RO4 2024-25, published 18 Sep 2025"
E06000016,Leicester City UA,2024-25,False,4323.0,2057.0,0.0,0.0,18741.0,20057.0,0.0,28727.0,27752.0,32849.4,31205.4,"MHCLG Revenue Outturn RO4 2024-25, published 18 Sep 2025"
E07000063,Lewes,2024-25,False,0.0,0.0,0.0,0.0,1925.0,982.0,0.0,1970.0,995.0,2694.0,1459.0,"MHCLG Revenue Outturn RO4 2024-25, published 18 Sep 2025"
E09000023,Lewisham,2024-25,False,9262.0,4689.0,485.0,-23.0,63452.0,25002.0,0.0,96420.0,41098.0,122570.0,54277.0,"MHCLG Revenue Outturn RO4 2024-25, published 18 Sep 2025"
E07000194,Lichfield,2024-25,False,0.0,0.0,15.0,15.0,428.0,37.0,0.0,1658.0,1205.0,3605.0,1960.0,"MHCLG Revenue Outturn RO4 2024-25, published 18 Sep 2025"
E07000138,Lincoln City,2024-25,False,132.0,34.0,945.0,852.0,578.0,241.0,0.0,3166.0,2417.0,6475.0,4543.0,"MHCLG Revenue Outturn RO4 2024-25, published 18 Sep 2025"
E08000012,Liverpool,2024-25,False,0.0,0.0,445.0,37.0,33579.0,30361.0,0.0,39390.0,35764.0,61556.0,51650.0,"MHCLG Revenue Outturn RO4 2024-25, published 18 Sep 2025"
E06000032,Luton UA,2024-25,False,3993.0,1674.0,200.0,84.0,4667.0,1960.0,2670.0,28554.0,13924.0,34541.0,15954.0,"MHCLG Revenue Outturn RO4 2024-25, published 18 Sep 2025"
E07000110,Maidstone,2024-25,False,2667.0,2023.0,0.0,0.0,0.0,0.0,0.0,5772.0,3772.0,7947.0,5748.0,"MHCLG Revenue Outturn RO4 2024-25, published 18 Sep 2025"
E07000074,Maldon DC,2024-25,False,0.0,0.0,1068.0,906.0,53.0,-123.0,27.0,1149.0,810.0,2168.0,1654.0,"MHCLG Revenue Outturn RO4 2024-25, published 18 Sep 2025"
E07000235,Malvern Hills,2024-25,False,0.0,0.0,0.0,0.0,215.0,198.0,0.0,849.0,702.0,2009.0,554.0,"MHCLG Revenue Outturn RO4 2024-25, published 18 Sep 2025"
E08000003,Manchester,2024-25,False,775.0,775.0,7842.0,3382.0,2324.0,1523.0,0.0,97346.0,58922.0,118044.0,76362.0,"MHCLG Revenue Outturn RO4 2024-25, published 18 Sep 2025"
E07000174,Mansfield,2024-25,False,50.0,0.0,0.0,0.0,0.0,0.0,0.0,437.0,0.0,1972.0,932.0,"MHCLG Revenue Outturn RO4 2024-25, published 18 Sep 2025"
E06000035,Medway Towns UA,2024-25,False,9686.0,5893.0,0.0,0.0,70.0,70.0,-75.0,15216.0,10714.0,21871.0,16292.0,"MHCLG Revenue Outturn RO4 2024-25, published 18 Sep 2025"
E07000133,Melton,2024-25,False,0.0,0.0,0.0,0.0,0.0,0.0,0.0,1141.0,1040.0,1989.0,1813.0,"MHCLG Revenue Outturn RO4 2024-25, published 18 Sep 2025"
E09000024,Merton,2024-25,False,21359.24,8761.02,0.0,0.0,2193.29,899.66,0.0,24312.95,10345.11,32755.68,18275.25,"MHCLG Revenue Outturn RO4 2024-25, published 18 Sep 2025"
E07000042,Mid Devon,2024-25,False,0.0,0.0,0.0,0.0,288.12,231.6,10.07,1950.53,997.15,3598.56,1816.18,"MHCLG Revenue Outturn RO4 2024-25, published 18 Sep 2025"
E07000203,Mid Suffolk,2024-25,False,0.0,0.0,0.0,0.0,0.0,0.0,1148.0,3036.0,2141.0,5855.0,3939.0,"MHCLG Revenue Outturn RO4 2024-25, published 18 Sep 2025"
E07000228,Mid Sussex,2024-25,False,0.0,0.0,0.0,0.0,0.0,0.0,0.0,3298.0,2510.0,7961.0,6981.0,"MHCLG Revenue Outturn RO4 2024-25, published 18 Sep 2025"
E06000002,Middlesbrough UA,2024-25,False,1620.0,1620.0,0.0,0.0,103.0,103.0,104.0,3662.0,2777.0,9532.0,7666.0,"MHCLG Revenue Outturn RO4 2024-25, published 18 Sep 2025"
E06000042,Milton Keynes UA,2024-25,False,14832.0,14832.0,108.0,93.0,347.0,297.0,1254.0,23673.0,17021.0,26987.0,19127.0,"MHCLG Revenue Outturn RO4 2024-25, published 18 Sep 2025"
E07000210,Mole Valley,2024-25,False,334.0,334.0,0.0,0.0,247.0,37.0,0.0,1600.0,598.0,3616.0,2519.0,"MHCLG Revenue Outturn RO4 2024-25, published 18 Sep 2025"
E07000091,New Forest,2024-25,False,550.0,83.0,0.0,0.0,1089.0,67.0,393.0,5507.0,1923.0,7150.0,3103.0,"MHCLG Revenue Outturn RO4 2024-25, published 18 Sep 2025"
E07000175,Newark & Sherwood ,2024-25,False,0.0,0.0,29.0,-11.0,0.0,0.0,863.0,1117.0,862.0,2677.0,2066.0,"MHCLG Revenue Outturn RO4 2024-25, published 18 Sep 2025"
E08000021,Newcastle,2024-25,False,0.0,0.0,1811.0,1351.0,0.0,0.0,0.0,5257.0,4265.0,37100.0,14902.0,"MHCLG Revenue Outturn RO4 2024-25, published 18 Sep 2025"
E07000195,Newcastle-under-Lyme,2024-25,False,0.0,0.0,0.0,0.0,553.0,499.0,0.0,1206.0,1139.0,4502.0,4216.0,"MHCLG Revenue Outturn RO4 2024-25, published 18 Sep 2025"
E09000025,Newham,2024-25,False,106012.0,56134.0,0.0,0.0,9685.0,5206.0,3562.0,156801.0,76856.0,180910.0,84848.0,"MHCLG Revenue Outturn RO4 2024-25, published 18 Sep 2025"
E07000043,North Devon,2024-25,False,0.0,0.0,43.0,47.0,75.0,75.0,454.0,2959.0,2228.0,4508.0,-1565.0,"MHCLG Revenue Outturn RO4 2024-25, published 18 Sep 2025"
E07000038,North East Derbyshire,2024-25,False,0.0,0.0,0.0,0.0,345.0,345.0,36.0,1165.0,789.0,2489.0,1917.0,"MHCLG Revenue Outturn RO4 2024-25, published 18 Sep 2025"
E06000012,North East Lincolnshire UA,2024-25,False,0.0,0.0,0.0,0.0,1161.0,469.0,0.0,4070.0,2578.0,9385.0,7263.0,"MHCLG Revenue Outturn RO4 2024-25, published 18 Sep 2025"
E07000099,North Hertfordshire,2024-25,False,0.0,0.0,0.0,0.0,506.0,210.0,0.0,2215.0,1894.0,3580.0,2972.0,"MHCLG Revenue Outturn RO4 2024-25, published 18 Sep 2025"
E07000139,North Kesteven,2024-25,False,0.0,0.0,0.0,0.0,526.0,145.0,0.0,1189.0,638.0,4223.0,489.0,"MHCLG Revenue Outturn RO4 2024-25, published 18 Sep 2025"
E06000013,North Lincolnshire UA,2024-25,False,0.0,0.0,110.05,91.98,2908.94,976.72,0.0,6261.49,2996.54,8820.01,5328.52,"MHCLG Revenue Outturn RO4 2024-25, published 18 Sep 2025"
E07000147,North Norfolk,2024-25,False,0.0,0.0,0.0,0.0,1890.0,769.0,0.0,2262.0,931.0,5256.0,2747.0,"MHCLG Revenue Outturn RO4 2024-25, published 18 Sep 2025"
E06000061,North Northamptonshire,2024-25,False,4864.0,3211.0,0.0,0.0,0.0,0.0,0.0,4864.0,3211.0,14263.0,3166.0,"MHCLG Revenue Outturn RO4 2024-25, published 18 Sep 2025"
E06000024,North Somerset UA,2024-25,False,0.0,0.0,0.0,0.0,782.0,252.0,0.0,2526.0,1852.0,8073.0,6373.0,"MHCLG Revenue Outturn RO4 2024-25, published 18 Sep 2025"
E08000022,North Tyneside,2024-25,False,45.0,-3.0,0.0,0.0,2166.0,942.0,0.0,4895.0,2465.0,10853.0,6956.0,"MHCLG Revenue Outturn RO4 2024-25, published 18 Sep 2025"
E07000218,North Warwickshire,2024-25,True,,,,,,,,,,,,"MHCLG Revenue Outturn RO4 2024-25, published 18 Sep 2025"
E07000134,North West Leicestershire,2024-25,True,,,,,,,,,,,,"MHCLG Revenue Outturn RO4 2024-25, published 18 Sep 2025"
E06000065,North Yorkshire,2024-25,False,0.0,0.0,3604.0,2766.0,0.0,0.0,1442.0,14253.0,9079.0,24809.04,15079.04,"MHCLG Revenue Outturn RO4 2024-25, published 18 Sep 2025"
E06000057,Northumberland UA,2024-25,False,0.0,0.0,0.0,0.0,0.0,0.0,0.0,2211.0,1784.0,7540.0,6468.0,"MHCLG Revenue Outturn RO4 2024-25, published 18 Sep 2025"
E07000148,Norwich City,2024-25,False,0.0,0.0,0.0,0.0,0.0,0.0,1218.0,5401.0,1523.0,10297.0,4441.0,"MHCLG Revenue Outturn RO4 2024-25, published 18 Sep 2025"
E06000018,Nottingham City UA,2024-25,False,1371.0,1371.0,3414.0,3414.0,1523.0,1523.0,-639.0,21370.0,18905.0,30741.0,25198.0,"MHCLG Revenue Outturn RO4 2024-25, published 18 Sep 2025"
E07000219,Nuneaton & Bedworth,2024-25,False,0.0,0.0,444.0,-288.0,927.0,927.0,0.0,1945.0,951.0,2080.0,-84.0,"MHCLG Revenue Outturn RO4 2024-25, published 18 Sep 2025"
E07000135,Oadby & Wigston,2024-25,False,650.0,65.0,45.0,-19.0,592.0,59.2,-59.0,1543.0,182.2,2372.0,373.2,"MHCLG Revenue Outturn RO4 2024-25, published 18 Sep 2025"
E08000004,Oldham,2024-25,False,5818.0,3495.0,0.0,0.0,4685.0,2817.0,3183.0,14109.0,9694.0,20171.0,14087.0,"MHCLG Revenue Outturn RO4 2024-25, published 18 Sep 2025"
E07000178,Oxford,2024-25,False,0.0,0.0,0.0,0.0,0.0,0.0,0.0,15312.0,12797.0,21603.0,17157.0,"MHCLG Revenue Outturn RO4 2024-25, published 18 Sep 2025"
E07000122,Pendle,2024-25,False,0.0,0.0,0.0,0.0,2173.0,1135.0,0.0,2285.0,1041.0,3694.0,880.92,"MHCLG Revenue Outturn RO4 2024-25, published 18 Sep 2025"
E06000031,Peterborough UA,2024-25,False,58.0,58.0,43.0,43.0,2498.0,1471.0,0.0,8502.0,6271.0,14270.12,8448.74,"MHCLG Revenue Outturn RO4 2024-25, published 18 Sep 2025"
E06000026,Plymouth UA,2024-25,False,7474.0,5394.0,19.0,-101.0,0.0,0.0,0.0,12700.0,9349.0,18510.0,13161.0,"MHCLG Revenue Outturn RO4 2024-25, published 18 Sep 2025"
E06000044,Portsmouth UA,2024-25,False,0.0,0.0,0.0,0.0,12831.0,8438.0,0.0,29155.0,21459.0,35691.0,22858.0,"MHCLG Revenue Outturn RO4 2024-25, published 18 Sep 2025"
E07000123,Preston,2024-25,False,239.0,173.0,0.0,0.0,120.0,87.0,299.0,3799.0,3082.0,6011.0,4852.0,"MHCLG Revenue Outturn RO4 2024-25, published 18 Sep 2025"
E06000038,Reading UA,2024-25,False,1902.0,1015.0,0.0,0.0,3861.0,2060.0,-428.0,19225.0,6592.0,23972.0,10743.0,"MHCLG Revenue Outturn RO4 2024-25, published 18 Sep 2025"
E09000026,Redbridge,2024-25,False,23666.0,12606.0,1851.0,-687.0,10678.0,5991.0,1513.0,72766.0,35902.0,77288.0,40325.0,"MHCLG Revenue Outturn RO4 2024-25, published 18 Sep 2025"
E06000003,Redcar & Cleveland UA,2024-25,False,0.0,0.0,0.0,0.0,0.0,0.0,121.0,892.0,822.0,2567.0,2304.0,"MHCLG Revenue Outturn RO4 2024-25, published 18 Sep 2025"
E07000236,Redditch BC,2024-25,False,0.0,0.0,0.0,0.0,743.0,60.0,0.0,1682.0,681.0,4053.0,2235.0,"MHCLG Revenue Outturn RO4 2024-25, published 18 Sep 2025"
E07000211,Reigate and Banstead,2024-25,False,0.0,0.0,0.0,0.0,1295.0,913.0,0.0,2211.79,1251.79,3512.79,1994.79,"MHCLG Revenue Outturn RO4 2024-25, published 18 Sep 2025"
E07000124,Ribble Valley,2024-25,False,0.0,0.0,0.0,0.0,21.93,21.93,24.36,246.71,169.75,976.66,249.11,"MHCLG Revenue Outturn RO4 2024-25, published 18 Sep 2025"
E09000027,Richmond upon Thames,2024-25,False,9705.0,6161.0,584.0,61.0,1470.0,1010.0,1396.0,20345.0,13702.0,29740.0,20650.0,"MHCLG Revenue Outturn RO4 2024-25, published 18 Sep 2025"
E08000005,Rochdale,2024-25,False,0.0,0.0,1688.0,85.0,2062.0,0.0,546.0,7187.02,3352.02,12190.42,7428.42,"MHCLG Revenue Outturn RO4 2024-25, published 18 Sep 2025"
E07000075,Rochford,2024-25,False,0.0,0.0,0.0,0.0,595.0,332.0,802.0,1764.0,1248.0,2714.0,1702.0,"MHCLG Revenue Outturn RO4 2024-25, published 18 Sep 2025"
E07000125,Rossendale,2024-25,False,0.0,0.0,0.0,0.0,0.0,0.0,151.0,3599.0,997.0,4228.0,1503.0,"MHCLG Revenue Outturn RO4 2024-25, published 18 Sep 2025"
E07000064,Rother,2024-25,False,3500.0,2707.0,0.0,0.0,618.0,478.0,98.0,6193.0,3558.0,7195.0,4516.0,"MHCLG Revenue Outturn RO4 2024-25, published 18 Sep 2025"
E08000018,Rotherham,2024-25,False,6270.0,3618.0,0.0,0.0,0.0,0.0,0.0,6270.0,3618.0,10563.0,5471.0,"MHCLG Revenue Outturn RO4 2024-25, published 18 Sep 2025"
E07000220,Rugby,2024-25,False,3.53,3.53,0.0,0.0,22.4,16.46,249.94,2286.51,1848.9,4003.69,3154.15,"MHCLG Revenue Outturn RO4 2024-25, published 18 Sep 2025"
E07000212,Runnymede,2024-25,False,0.0,0.0,0.0,0.0,359.0,270.0,0.0,962.0,873.0,3341.0,1556.0,"MHCLG Revenue Outturn RO4 2024-25, published 18 Sep 2025"
E07000176,Rushcliffe,2024-25,False,0.0,0.0,141.0,9.0,198.0,149.0,0.0,525.0,342.0,1889.0,1382.0,"MHCLG Revenue Outturn RO4 2024-25, published 18 Sep 2025"
E07000092,Rushmoor,2024-25,False,0.0,0.0,0.0,0.0,283.04,202.19,427.42,1238.02,1147.17,2886.17,1913.41,"MHCLG Revenue Outturn RO4 2024-25, published 18 Sep 2025"
E06000017,Rutland UA,2024-25,False,0.0,0.0,0.0,0.0,232.0,232.0,0.0,628.0,337.0,1170.0,850.0,"MHCLG Revenue Outturn RO4 2024-25, published 18 Sep 2025"
E08000006,Salford,2024-25,False,8289.0,969.0,173.0,173.0,1304.0,130.0,0.0,24567.0,12582.0,27303.0,13457.0,"MHCLG Revenue Outturn RO4 2024-25, published 18 Sep 2025"
E08000028,Sandwell,2024-25,False,6330.0,1439.0,1215.0,-735.0,64.0,50.0,50.0,8199.0,1246.0,26759.0,4327.0,"MHCLG Revenue Outturn RO4 2024-25, published 18 Sep 2025"
E08000014,Sefton,2024-25,False,0.0,-655.0,111.0,88.0,2349.0,1540.0,0.0,5684.0,4175.0,13057.0,8725.0,"MHCLG Revenue Outturn RO4 2024-25, published 18 Sep 2025"
E07000111,Sevenoaks,2024-25,False,815.0,-311.0,0.0,0.0,1315.0,866.0,89.0,3903.0,1226.0,5800.0,1134.0,"MHCLG Revenue Outturn RO4 2024-25, published 18 Sep 2025"
E08000019,Sheffield,2024-25,False,0.0,0.0,0.0,0.0,10464.0,7743.0,0.0,22651.0,18342.0,34408.0,26210.0,"MHCLG Revenue Outturn RO4 2024-25, published 18 Sep 2025"
E06000051,Shropshire UA,2024-25,False,0.0,0.0,0.0,0.0,2782.0,826.0,0.0,7728.0,4711.0,12106.0,8440.0,"MHCLG Revenue Outturn RO4 2024-25, published 18 Sep 2025"
E06000039,Slough UA,2024-25,True,,,,,,,,,,,,"MHCLG Revenue Outturn RO4 2024-25, published 18 Sep 2025"
E08000029,Solihull,2024-25,False,0.0,0.0,0.0,0.0,226.0,226.0,0.0,3873.0,3873.0,8783.0,7963.0,"MHCLG Revenue Outturn RO4 2024-25, published 18 Sep 2025"
E06000066,Somerset,2024-25,False,499.0,499.0,1556.0,1542.0,4007.0,3273.0,206.0,14856.0,13090.0,29490.0,22622.0,"MHCLG Revenue Outturn RO4 2024-25, published 18 Sep 2025"
E07000012,South Cambridgeshire,2024-25,False,0.0,0.0,46.0,46.0,486.0,98.0,0.0,2893.0,2088.0,5569.0,3052.0,"MHCLG Revenue Outturn RO4 2024-25, published 18 Sep 2025"
E07000039,South Derbyshire,2024-25,False,0.0,0.0,0.0,0.0,160.0,9.0,0.0,160.0,9.0,2744.0,2081.0,"MHCLG Revenue Outturn RO4 2024-25, published 18 Sep 2025"
E06000025,South Gloucestershire UA,2024-25,False,0.0,0.0,0.0,0.0,3424.0,574.0,426.0,5889.0,1674.0,11060.0,6412.0,"MHCLG Revenue Outturn RO4 2024-25, published 18 Sep 2025"
E07000044,South Hams,2024-25,False,0.0,0.0,0.0,0.0,4.0,-583.0,1798.0,2094.0,1187.0,5104.0,2824.0,"MHCLG Revenue Outturn RO4 2024-25, published 18 Sep 2025"
E07000140,South Holland,2024-25,False,0.0,0.0,993.0,680.0,0.0,0.0,0.0,1113.0,666.0,2557.0,-218.0,"MHCLG Revenue Outturn RO4 2024-25, published 18 Sep 2025"
E07000141,South Kesteven,2024-25,False,0.0,0.0,0.0,0.0,50.0,50.0,0.0,1487.0,1436.0,2664.0,1345.0,"MHCLG Revenue Outturn RO4 2024-25, published 18 Sep 2025"
E07000149,South Norfolk,2024-25,False,609.09,542.85,0.0,0.0,0.0,0.0,249.92,2157.31,1338.4,3281.24,2213.89,"MHCLG Revenue Outturn RO4 2024-25, published 18 Sep 2025"
E07000179,South Oxfordshire,2024-25,False,0.0,0.0,0.0,0.0,476.0,0.0,25.0,1103.0,590.0,3004.0,1348.0,"MHCLG Revenue Outturn RO4 2024-25, published 18 Sep 2025"
E07000126,South Ribble,2024-25,False,0.0,0.0,0.0,0.0,554.0,494.0,155.0,1418.0,842.0,4987.0,1194.0,"MHCLG Revenue Outturn RO4 2024-25, published 18 Sep 2025"
E07000196,South Staffordshire,2024-25,False,0.0,0.0,12.0,12.0,152.0,2.0,0.0,807.0,644.0,2217.0,1516.0,"MHCLG Revenue Outturn RO4 2024-25, published 18 Sep 2025"
E08000023,South Tyneside,2024-25,False,16.0,16.0,9.0,9.0,64.0,64.0,554.0,1116.0,692.0,4001.0,1766.0,"MHCLG Revenue Outturn RO4 2024-25, published 18 Sep 2025"
E06000045,Southampton UA,2024-25,False,0.0,0.0,0.0,0.0,300.0,299.0,120.0,5997.0,5977.0,16098.0,14279.0,"MHCLG Revenue Outturn RO4 2024-25, published 18 Sep 2025"
E06000033,Southend-on-Sea UA,2024-25,False,473.0,473.0,0.0,0.0,369.0,110.0,0.0,5180.0,4466.0,11591.0,9646.0,"MHCLG Revenue Outturn RO4 2024-25, published 18 Sep 2025"
E09000028,Southwark,2024-25,False,44973.0,28214.0,0.0,0.0,0.0,0.0,11270.48,77581.0,47048.53,83886.28,48911.78,"MHCLG Revenue Outturn RO4 2024-25, published 18 Sep 2025"
E07000213,Spelthorne,2024-25,False,0.0,0.0,0.0,0.0,3196.0,1635.0,0.0,18406.0,15793.0,19663.0,17050.0,"MHCLG Revenue Outturn RO4 2024-25, published 18 Sep 2025"
E07000240,St Albans,2024-25,False,0.0,0.0,0.0,0.0,0.0,0.0,2239.03,2656.27,1935.88,4186.37,3065.62,"MHCLG Revenue Outturn RO4 2024-25, published 18 Sep 2025"
E08000013,St Helens MBC,2024-25,False,0.0,0.0,0.0,0.0,822.63,206.63,0.0,2355.5,1641.5,8110.93,4579.95,"MHCLG Revenue Outturn RO4 2024-25, published 18 Sep 2025"
E07000197,Stafford BC,2024-25,False,0.0,0.0,0.0,0.0,444.0,23.0,920.0,1784.0,1343.0,3167.0,2599.0,"MHCLG Revenue Outturn RO4 2024-25, published 18 Sep 2025"
E07000198,Staffordshire Moorlands,2024-25,False,0.0,0.0,0.0,0.0,159.0,159.0,-200.0,649.0,363.0,1532.0,1013.0,"MHCLG Revenue Outturn RO4 2024-25, published 18 Sep 2025"
E07000243,Stevenage,2024-25,False,0.0,0.0,0.0,0.0,130.77,130.77,908.8,2414.39,2186.53,5614.3,-962.64,"MHCLG Revenue Outturn RO4 2024-25, published 18 Sep 2025"
E08000007,Stockport MBC,2024-25,False,0.0,0.0,0.0,0.0,0.0,0.0,0.0,2296.0,2296.0,4407.0,4201.0,"MHCLG Revenue Outturn RO4 2024-25, published 18 Sep 2025"
E06000004,Stockton-on-Tees UA,2024-25,False,0.0,0.0,0.0,0.0,382.0,-4.0,146.0,2752.0,1811.0,7308.0,4967.0,"MHCLG Revenue Outturn RO4 2024-25, published 18 Sep 2025"
E06000021,Stoke-on-Trent UA,2024-25,False,0.0,0.0,0.0,0.0,2258.64,683.76,200.0,6323.51,4153.36,15012.35,11461.2,"MHCLG Revenue Outturn RO4 2024-25, published 18 Sep 2025"
E07000221,Stratford-on-Avon,2024-25,False,0.0,0.0,1221.0,317.0,0.0,0.0,824.0,2788.0,1612.0,4726.0,3417.0,"MHCLG Revenue Outturn RO4 2024-25, published 18 Sep 2025"
E07000082,Stroud,2024-25,False,165.0,50.0,466.0,141.0,168.0,51.0,0.0,1756.0,1164.0,2686.0,2600.0,"MHCLG Revenue Outturn RO4 2024-25, published 18 Sep 2025"
E08000024,Sunderland,2024-25,False,72.0,72.0,108.0,108.0,82.0,62.0,0.0,4747.0,4493.0,8949.0,7476.0,"MHCLG Revenue Outturn RO4 2024-25, published 18 Sep 2025"
E07000214,Surrey Heath,2024-25,False,0.0,0.0,0.0,0.0,279.0,279.0,0.0,1862.0,1712.0,4893.0,3039.0,"MHCLG Revenue Outturn RO4 2024-25, published 18 Sep 2025"
E09000029,Sutton,2024-25,False,13002.0,7622.0,0.0,0.0,0.0,0.0,0.0,19781.0,12895.0,28049.0,20802.0,"MHCLG Revenue Outturn RO4 2024-25, published 18 Sep 2025"
E07000113,Swale,2024-25,False,0.0,0.0,0.0,0.0,4791.0,3373.0,0.0,7357.0,4968.0,9806.0,7143.0,"MHCLG Revenue Outturn RO4 2024-25, published 18 Sep 2025"
E06000030,Swindon UA,2024-25,False,0.0,0.0,0.0,0.0,2407.0,375.0,0.0,6000.0,1308.0,9498.0,3716.0,"MHCLG Revenue Outturn RO4 2024-25, published 18 Sep 2025"
E08000008,Tameside,2024-25,False,2376.15,-790.85,0.0,0.0,3642.0,-1109.0,0.0,8961.39,1062.39,16875.61,8939.61,"MHCLG Revenue Outturn RO4 2024-25, published 18 Sep 2025"
E07000199,Tamworth,2024-25,False,0.0,0.0,312.0,208.0,336.0,250.0,0.0,709.0,519.0,2581.0,1984.0,"MHCLG Revenue Outturn RO4 2024-25, published 18 Sep 2025"
E07000215,Tandridge,2024-25,False,0.0,0.0,0.0,0.0,0.0,0.0,0.0,1132.0,710.0,1858.0,1017.0,"MHCLG Revenue Outturn RO4 2024-25, published 18 Sep 2025"
E07000045,Teignbridge,2024-25,False,852.0,-203.0,80.0,-510.0,0.0,0.0,564.0,3433.0,649.0,5282.0,2299.0,"MHCLG Revenue Outturn RO4 2024-25, published 18 Sep 2025"
E06000020,Telford & the Wrekin UA,2024-25,False,0.0,0.0,8.0,-6.0,100.0,0.0,0.0,2678.0,1052.0,7137.0,4096.0,"MHCLG Revenue Outturn RO4 2024-25, published 18 Sep 2025"
E07000076,Tendring DC,2024-25,False,708.0,708.0,0.0,0.0,4671.0,-3.0,420.0,6934.0,2056.0,8757.0,3830.0,"MHCLG Revenue Outturn RO4 2024-25, published 18 Sep 2025"
E07000093,Test Valley,2024-25,False,0.0,0.0,0.0,0.0,535.0,354.0,14.0,2263.0,2078.0,4734.0,2613.0,"MHCLG Revenue Outturn RO4 2024-25, published 18 Sep 2025"
E07000083,Tewkesbury,2024-25,False,0.0,0.0,0.0,0.0,603.0,276.0,0.0,893.0,509.0,3428.0,2541.0,"MHCLG Revenue Outturn RO4 2024-25, published 18 Sep 2025"
E07000114,Thanet,2024-25,False,0.0,0.0,0.0,0.0,6414.0,3748.0,64.0,8284.0,5021.0,10496.0,6963.0,"MHCLG Revenue Outturn RO4 2024-25, published 18 Sep 2025"
E07000102,Three Rivers,2024-25,False,210.0,28.0,0.0,0.0,0.0,0.0,0.0,944.0,197.0,5751.0,3172.0,"MHCLG Revenue Outturn RO4 2024-25, published 18 Sep 2025"
E06000034,Thurrock UA,2024-25,False,6613.0,4225.0,1473.0,1002.0,168.0,168.0,1002.0,11118.0,6417.0,12134.0,6437.0,"MHCLG Revenue Outturn RO4 2024-25, published 18 Sep 2025"
E07000115,Tonbridge & Malling,2024-25,False,2239.0,1269.0,0.0,0.0,203.0,115.0,0.0,3852.0,2631.0,5993.0,4721.0,"MHCLG Revenue Outturn RO4 2024-25, published 18 Sep 2025"
E06000027,Torbay UA,2024-25,False,678.0,678.0,1009.0,1009.0,63.0,63.0,0.0,5594.0,5463.0,10335.0,7349.0,"MHCLG Revenue Outturn RO4 2024-25, published 18 Sep 2025"
E07000046,Torridge,2024-25,False,0.0,0.0,252.0,-41.0,277.0,221.0,0.0,1480.0,737.0,2426.0,1377.0,"MHCLG Revenue Outturn RO4 2024-25, published 18 Sep 2025"
E09000030,Tower Hamlets,2024-25,False,13629.0,-426.0,0.0,0.0,14744.0,7888.0,4082.0,81666.0,35296.0,94878.0,43847.0,"MHCLG Revenue Outturn RO4 2024-25, published 18 Sep 2025"
E08000009,Trafford,2024-25,False,0.0,0.0,0.0,0.0,0.0,0.0,0.0,6954.0,2051.0,8564.0,3255.0,"MHCLG Revenue Outturn RO4 2024-25, published 18 Sep 2025"
E07000116,Tunbridge Wells,2024-25,False,97.0,64.0,0.0,0.0,333.0,284.0,275.0,2570.0,1748.0,4097.0,2858.0,"MHCLG Revenue Outturn RO4 2024-25, published 18 Sep 2025"
E07000077,Uttlesford,2024-25,False,0.0,0.0,0.0,0.0,623.77,623.77,0.0,1193.83,658.85,1346.46,811.48,"MHCLG Revenue Outturn RO4 2024-25, published 18 Sep 2025"
E07000180,Vale of White Horse DC,2024-25,False,0.0,0.0,0.0,0.0,463.0,-101.0,28.0,1065.0,477.0,3239.0,1831.0,"MHCLG Revenue Outturn RO4 2024-25, published 18 Sep 2025"
E08000036,Wakefield,2024-25,False,0.0,0.0,0.0,0.0,1632.0,1425.0,937.0,8591.0,6931.0,15565.0,12815.0,"MHCLG Revenue Outturn RO4 2024-25, published 18 Sep 2025"
E08000030,Walsall,2024-25,False,0.0,0.0,0.0,0.0,687.0,459.0,746.0,6511.0,4569.0,16481.0,12401.0,"MHCLG Revenue Outturn RO4 2024-25, published 18 Sep 2025"
E09000031,Waltham Forest,2024-25,False,15062.0,11290.0,0.0,0.0,12522.0,7771.0,1148.0,49361.0,29649.0,58658.55,36378.97,"MHCLG Revenue Outturn RO4 2024-25, published 18 Sep 2025"
E09000032,Wandsworth,2024-25,False,36049.0,22189.0,141.0,132.0,6503.0,4048.0,0.0,69332.0,39977.0,81591.0,40656.0,"MHCLG Revenue Outturn RO4 2024-25, published 18 Sep 2025"
E06000007,Warrington UA,2024-25,False,0.0,0.0,0.0,0.0,0.0,0.0,0.0,5673.2,2686.04,9892.56,5372.4,"MHCLG Revenue Outturn RO4 2024-25, published 18 Sep 2025"
E07000222,Warwick,2024-25,True,,,,,,,,,,,,"MHCLG Revenue Outturn RO4 2024-25, published 18 Sep 2025"
E07000103,Watford,2024-25,False,356.0,356.0,35.0,35.0,86.0,86.0,0.0,5698.0,4414.0,6912.0,4047.0,"MHCLG Revenue Outturn RO4 2024-25, published 18 Sep 2025"
E07000216,Waverley,2024-25,False,0.0,0.0,0.0,0.0,204.0,149.0,0.0,1041.0,821.0,3086.0,2128.0,"MHCLG Revenue Outturn RO4 2024-25, published 18 Sep 2025"
E07000065,Wealden,2024-25,False,0.0,0.0,0.0,0.0,838.0,522.0,954.0,2627.0,2211.0,5939.0,5458.0,"MHCLG Revenue Outturn RO4 2024-25, published 18 Sep 2025"
E07000241,Welwyn Hatfield,2024-25,False,0.0,0.0,0.0,0.0,0.0,0.0,0.0,3439.0,2270.0,5408.0,4003.0,"MHCLG Revenue Outturn RO4 2024-25, published 18 Sep 2025"
E06000037,West Berkshire UA,2024-25,False,0.0,0.0,473.0,178.0,1426.0,1426.0,0.0,5741.0,5193.0,7022.0,6134.0,"MHCLG Revenue Outturn RO4 2024-25, published 18 Sep 2025"
E07000047,West Devon,2024-25,False,0.0,0.0,0.0,0.0,472.0,328.0,530.0,1245.0,850.0,3145.0,2000.0,"MHCLG Revenue Outturn RO4 2024-25, published 18 Sep 2025"
E07000127,West Lancashire,2024-25,False,0.0,0.0,0.0,0.0,0.0,0.0,0.0,0.0,0.0,2640.0,1848.0,"MHCLG Revenue Outturn RO4 2024-25, published 18 Sep 2025"
E07000142,West Lindsey,2024-25,False,0.0,0.0,0.0,0.0,282.0,188.0,101.0,1001.0,805.0,3271.0,2051.0,"MHCLG Revenue Outturn RO4 2024-25, published 18 Sep 2025"
E06000062,West Northamptonshire,2024-25,False,9905.68,4191.11,0.0,0.0,1186.54,1186.54,4964.93,20039.31,12897.26,32642.61,20893.78,"MHCLG Revenue Outturn RO4 2024-25, published 18 Sep 2025"
E07000181,West Oxfordshire,2024-25,False,0.0,0.0,0.0,0.0,0.0,0.0,0.0,2982.0,107.0,4022.0,552.0,"MHCLG Revenue Outturn RO4 2024-25, published 18 Sep 2025"
E07000245,West Suffolk,2024-25,False,0.0,0.0,0.0,0.0,1661.0,1187.0,480.0,3501.0,2353.0,6095.0,4256.0,"MHCLG Revenue Outturn RO4 2024-25, published 18 Sep 2025"
E09000033,Westminster,2024-25,False,61824.83,47995.57,0.0,0.0,20220.36,13581.97,0.0,168320.38,102036.62,191220.44,120401.44,"MHCLG Revenue Outturn RO4 2024-25, published 18 Sep 2025"
E06000064,Westmorland and Furness,2024-25,False,0.0,0.0,453.0,139.0,0.0,0.0,-26.0,2791.0,1777.0,5096.0,3568.0,"MHCLG Revenue Outturn RO4 2024-25, published 18 Sep 2025"
E08000010,Wigan MBC,2024-25,False,2027.0,1864.0,0.0,0.0,1299.0,1197.0,0.0,7954.0,7146.0,17102.0,13653.0,"MHCLG Revenue Outturn RO4 2024-25, published 18 Sep 2025"
E06000054,Wiltshire UA,2024-25,False,0.0,0.0,115.0,-92.0,0.0,0.0,0.0,1234.0,205.0,20142.0,15812.0,"MHCLG Revenue Outturn RO4 2024-25, published 18 Sep 2025"
E07000094,Winchester,2024-25,False,0.0,0.0,0.0,0.0,69.0,66.0,0.0,1950.0,1451.0,3596.0,2783.0,"MHCLG Revenue Outturn RO4 2024-25, published 18 Sep 2025"
E06000040,Windsor & Maidenhead UA,2024-25,False,8596.49,6149.11,0.0,0.0,0.0,0.0,0.0,9418.99,6836.28,15145.2,11968.08,"MHCLG Revenue Outturn RO4 2024-25, published 18 Sep 2025"
E08000015,Wirral,2024-25,False,0.0,0.0,743.0,743.0,2805.0,437.0,82.0,6551.0,3757.0,18045.0,14267.0,"MHCLG Revenue Outturn RO4 2024-25, published 18 Sep 2025"
E07000217,Woking BC,2024-25,False,0.0,0.0,0.0,0.0,1894.16,1481.65,985.76,7143.35,4839.31,9944.0,6882.68,"MHCLG Revenue Outturn RO4 2024-25, published 18 Sep 2025"
E06000041,Wokingham UA,2024-25,False,324.0,-266.0,0.0,0.0,0.0,0.0,85.0,1678.0,966.0,4834.0,3478.0,"MHCLG Revenue Outturn RO4 2024-25, published 18 Sep 2025"
E08000031,Wolverhampton,2024-25,False,2.0,2.0,70.0,70.0,5908.0,1286.0,0.0,8064.0,3337.0,17827.0,9293.0,"MHCLG Revenue Outturn RO4 2024-25, published 18 Sep 2025"
E07000237,Worcester,2024-25,False,87.0,57.0,0.0,0.0,173.0,113.0,170.0,3434.0,1871.0,5046.0,3184.0,"MHCLG Revenue Outturn RO4 2024-25, published 18 Sep 2025"
E07000229,Worthing,2024-25,False,0.0,0.0,0.0,0.0,7420.0,4693.0,0.0,10131.0,6306.0,11735.0,7560.0,"MHCLG Revenue Outturn RO4 2024-25, published 18 Sep 2025"
E07000238,Wychavon,2024-25,False,0.0,0.0,17.0,17.0,685.0,155.0,150.0,2330.0,1404.0,3608.0,2524.0,"MHCLG Revenue Outturn RO4 2024-25, published 18 Sep 2025"
E07000128,Wyre,2024-25,False,0.0,0.0,0.0,0.0,0.0,0.0,0.0,742.0,657.0,2011.0,1165.0,"MHCLG Revenue Outturn RO4 2024-25, published 18 Sep 2025"
E07000239,Wyre Forest,2024-25,False,0.0,0.0,2.0,2.0,211.0,173.0,0.0,2904.0,1401.0,4384.0,2294.0,"MHCLG Revenue Outturn RO4 2024-25, published 18 Sep 2025"
E06000014,York UA,2024-25,False,0.0,0.0,1611.0,845.0,118.0,59.0,134.0,5571.0,3455.0,10969.0,7048.0,"MHCLG Revenue Outturn RO4 2024-25, published 18 Sep 2025"
E06,Unitary Authorities,2024-25,False,125911.94717,81015.36988,26934.94146,15825.55633,141171.3081,88965.39537,22506.29158,643406.52576,431465.05562,1082433.28255,716972.06462,"MHCLG Revenue Outturn RO4 2024-25, published 18 Sep 2025"
E07,Shire Districts,2024-25,False,63470.34416,37272.70179,15775.20665,5677.66585,124587.73811,66100.66462,30035.9349,521573.73562,316376.70521,895743.90704,531956.49203,"MHCLG Revenue Outturn RO4 2024-25, published 18 Sep 2025"
E08,Metropolitan Districts,2024-25,False,33945.15,11363.15,23674.60018,8533.18995,142249.45763,94561.67868,17685.27656,505491.93254,315356.78608,864502.52345,546644.67685,"MHCLG Revenue Outturn RO4 2024-25, published 18 Sep 2025"
E09,London Boroughs,2024-25,False,830732.23,466972.17,32745.6,8958.31,298893.77,121334.48,75283.02,1983521.09,1046780.14,2376444.39,1304188.68,"MHCLG Revenue Outturn RO4 2024-25, published 18 Sep 2025"
